[
  {
    "CustomerID": 1,
    "Gender": "Mr.",
    "FName": "Avinash",
    "MName": "",
    "LName": "Gaur",
    "Occupation": "",
    "Company": "Navient",
    "ManualRating": 4,
    "SystemRating": 4.5,
    "Picture": "",
    "BirthDate": "new Date(10/25/1988)",
    "Anniversary": "new Date(10/25/1988)",
    "RegistrationDate": "new Date(10/25/1988)",
    "MobileNo": 8878899962,
    "AlternateNo": 8878899962,
    "WhatsAppNo": 8878899962,
    "Email": 8878899962,
    "PrimaryStoreType": "FT",
    "Status": 1
  },
  {
    "CustomerID": 2,
    "Gender": "Mr.",
    "FName": "Pankaj",
    "MName": "",
    "LName": "Soni",
    "Occupation": "",
    "Company": "Navient",
    "ManualRating": 4,
    "SystemRating": 4.5,
    "Picture": "",
    "BirthDate": "new Date(10/25/1988)",
    "Anniversary": "new Date(10/25/1988)",
    "RegistrationDate": "new Date(10/25/1988)",
    "MobileNo": 8878899962,
    "AlternateNo": 8878899962,
    "WhatsAppNo": 8878899962,
    "Email": 8878899962,
    "PrimaryStoreType": "FT",
    "Status": 1
  },
  {
    "CustomerID": 3,
    "Gender": "Mrs.",
    "FName": "Pooja",
    "MName": "",
    "LName": "Sharma",
    "Occupation": "",
    "Company": "Navient",
    "ManualRating": 4,
    "SystemRating": 3.5,
    "Picture": "",
    "BirthDate": "new Date(10/25/1988)",
    "Anniversary": "new Date(10/25/1988)",
    "RegistrationDate": "new Date(10/25/1988)",
    "MobileNo": 8878899962,
    "AlternateNo": 8878899962,
    "WhatsAppNo": 8878899962,
    "Email": 8878899962,
    "PrimaryStoreType": "FT",
    "Status": 1
  }
]
